Media_ID,Year,Beliefs_Values_1,Beliefs_Values_2,Perceived_Risk_1,Perceived_Risk_2,Subjective_Norms_1,Subjective_Norms_2,Self_Image_1,Self_Image_2,Empathy_1,Empathy_2,Self_Efficacy_1,Self_Efficacy_2,Support_Influence_1,Support_Influence_2,Personal_Advocacy_1,Personal_Advocacy_2,AS_W_CW,AS_W_TW,AS_HL_CW,AS_HL_TW,AS_B_CW,AS_B_TW,AS_A_CW,AS_A_TW,AS_AI_CW,AS_AI_TW,AS_W_NBFP,AS_HL_NBFP,AS_B_NBFP,AS_A_NBFP,AS_AI_NBFP,Media_Type,Agency_Type,Q1,Q2,Q3,Q4,Q5,Q7,Q8,Q10,Q12,Campaign_ID,Q6_Indiv,Q6_Dyad,Q6_Group,Q9_Cond,Q9_HTS,Q9_STI,Q9_PEP,Q9_Txt,Q11_Empowerment,Q11_SexSat,Q13a_Barr_Cost,Q13a_Barr_RxInt,Q13a_Barr_DailyUse,Q13a_Barr_SideFx,Q13a_Barr_Stigma,Q13a_Barr_LabReq,Q13b_Res_PaySch,Q13b_Res_Info,Q13b_Res_Tech,Q13b_Res_FxMitig
FL001,2018,No,No,No,No,No,No,Yes,Yes,No,Yes,No,No,No,No,No,Yes,No,No,No,No,No,Yes,No,No,No,No,No,No,No,No,No,Print,Local/state health department,Local or municipal,San Francisco,California,West,Yes,Yes,Yes,No,No,53,Yes,No,No,Yes,No,No,No,No,Yes,No,No,No,No,No,No,No,No,No,No,No
FL002,2018,No,Yes,No,No,Yes,No,No,No,No,No,Yes,Yes,No,No,Yes,No,No,No,No,No,Yes,No,No,No,No,No,No,No,No,No,No,Print,Community-based organization,Local or municipal,Chicago,Illinois,Midwest,No,Yes,No,No,No,3,No,Yes,No,No,No,No,No,No,No,Yes,No,No,No,No,No,No,No,No,No,No
FL003,2018,No,Yes,No,No,Yes,No,No,No,No,No,Yes,Yes,No,No,Yes,No,No,No,No,No,Yes,No,No,No,No,No,No,No,No,No,No,Print,Community-based organization,Local or municipal,Chicago,Illinois,Midwest,No,Yes,No,No,No,3,No,Yes,No,No,No,No,No,No,No,Yes,No,No,No,No,No,No,No,No,No,No
FL004,2018,No,No,No,No,Yes,No,Yes,Yes,No,No,No,No,Yes,Yes,No,No,No,No,No,No,No,Yes,No,No,No,No,No,No,No,No,No,Print,Local/state health department,Local or municipal,San Francisco,California,West,No,Yes,Yes,No,No,53,No,No,Yes,No,No,No,No,No,Yes,No,No,No,No,No,No,No,No,No,No,No
FL005,2018,No,Yes,Yes,Yes,No,No,Yes,Yes,No,No,Yes,No,No,No,No,No,No,No,No,No,Yes,No,No,No,No,No,No,No,No,No,No,Print,Local/state health department,Local or municipal,New York City,New York,Northeast,Yes,Yes,No,No,No,41,Yes,No,No,Yes,No,No,No,No,Yes,Yes,No,Yes,No,No,No,No,No,No,No,No
FL006,2019,No,No,No,No,No,No,No,Yes,No,No,Yes,No,No,No,Yes,Yes,No,No,No,No,Yes,No,No,No,No,No,No,No,No,No,No,Print,Local/state health department,Local or municipal,Washington,District of Columbia,South,Yes,Yes,No,No,No,21,No,No,Yes,No,No,No,No,No,Yes,Yes,No,No,No,No,No,No,No,No,No,No
FL007,2019,No,No,No,No,No,No,No,No,No,No,Yes,No,No,No,Yes,Yes,No,No,No,No,Yes,No,No,No,No,No,No,No,No,No,No,Print,Local/state health department,Local or municipal,Washington,District of Columbia,South,Yes,Yes,No,No,No,23,Yes,No,No,No,No,No,No,No,Yes,No,No,No,No,No,No,No,No,No,No,No
FL008,2015,No,Yes,Yes,Yes,No,No,No,No,No,No,Yes,No,No,No,No,No,No,No,No,No,Yes,No,No,No,No,No,No,No,No,No,No,Print,Local/state health department,Local or municipal,New York City,New York,Northeast,No,Yes,No,No,No,42,No,Yes,No,Yes,No,No,No,No,Yes,No,No,No,No,No,No,No,No,No,No,No
FL009,2020,No,No,No,No,No,No,No,No,Yes,Yes,Yes,No,No,No,Yes,Yes,No,No,No,No,No,Yes,No,No,No,No,No,No,No,No,No,Print,Federal government agency,National,,,,Yes,Yes,Yes,No,No,32,Yes,No,No,No,No,No,No,No,No,No,Yes,No,No,No,No,No,Yes,No,No,No
FL010,2020,No,No,Yes,Yes,No,No,No,No,No,No,No,No,No,No,No,No,No,No,No,No,Yes,No,No,No,No,No,No,No,No,No,No,Print,Federal government agency,National,,,,Yes,Yes,No,No,No,32,Yes,No,No,No,No,No,No,No,No,No,Yes,No,No,No,No,No,Yes,No,No,No
FL011,2018,No,Yes,No,Yes,No,No,Yes,Yes,No,No,Yes,No,No,No,Yes,No,Yes,No,No,No,No,No,No,No,No,No,No,No,No,No,No,Print,Local/state health department,Local or municipal,New York City,New York,Northeast,Yes,No,No,No,No,41,Yes,No,No,Yes,No,No,No,No,Yes,Yes,No,Yes,No,No,No,No,No,No,No,No
FL012,2018,No,Yes,No,Yes,No,No,Yes,Yes,No,No,Yes,No,No,No,Yes,No,No,No,No,No,No,Yes,No,No,No,No,No,No,No,No,No,Print,Local/state health department,Local or municipal,New York City,New York,Northeast,Yes,Yes,Yes,No,No,41,Yes,No,No,Yes,No,No,No,No,Yes,Yes,No,Yes,No,No,No,No,No,No,No,No
FL013,2018,No,Yes,No,Yes,No,No,Yes,Yes,No,No,Yes,No,No,No,Yes,No,No,No,No,Yes,No,No,No,No,No,No,No,No,No,No,No,Print,Local/state health department,Local or municipal,New York City,New York,Northeast,Yes,Yes,Yes,No,No,41,Yes,No,No,Yes,No,No,No,No,Yes,Yes,No,Yes,No,No,No,No,No,No,No,No
FL014,2018,No,Yes,No,Yes,No,No,Yes,Yes,No,No,Yes,No,No,No,Yes,No,No,No,Yes,No,No,No,No,No,No,No,No,No,No,No,No,Print,Local/state health department,Local or municipal,New York City,New York,Northeast,Yes,Yes,No,No,No,41,Yes,No,No,Yes,No,No,No,No,Yes,Yes,No,Yes,No,No,No,No,No,No,No,No
FL015,2018,No,Yes,No,Yes,No,No,Yes,Yes,No,No,Yes,No,No,No,Yes,No,No,No,No,No,No,No,No,Yes,No,No,No,No,No,No,No,Print,Local/state health department,Local or municipal,New York City,New York,Northeast,Yes,Yes,Yes,No,No,41,Yes,No,No,Yes,No,No,No,No,Yes,Yes,No,Yes,No,No,No,No,No,No,No,No
FL016,2018,No,Yes,Yes,Yes,No,No,Yes,Yes,No,No,Yes,No,No,No,No,No,No,No,No,No,Yes,No,No,No,No,No,No,No,No,No,No,Print,Local/state health department,Local or municipal,New York City,New York,Northeast,Yes,Yes,No,No,No,41,Yes,No,No,Yes,No,No,No,No,Yes,Yes,No,No,No,No,No,No,No,No,No,No
FL017,2018,No,Yes,Yes,Yes,No,No,Yes,Yes,No,No,Yes,No,No,No,No,No,No,No,Yes,No,No,No,No,No,No,No,No,No,No,No,No,Print,Local/state health department,Local or municipal,New York City,New York,Northeast,Yes,Yes,No,No,No,41,Yes,No,No,Yes,No,No,No,No,Yes,Yes,No,No,No,No,No,No,No,No,No,No
FL018,2018,No,Yes,Yes,Yes,No,No,Yes,Yes,No,No,Yes,No,No,No,No,No,No,No,No,No,Yes,No,No,No,No,No,No,No,No,No,No,Print,Local/state health department,Local or municipal,New York City,New York,Northeast,Yes,Yes,No,No,No,41,Yes,No,No,Yes,No,No,No,No,Yes,Yes,No,Yes,No,No,No,No,No,No,No,No
FL019,2016,No,No,No,No,No,Yes,No,No,No,No,Yes,Yes,No,No,No,No,No,No,No,No,Yes,No,No,No,No,No,No,No,No,No,No,Print,Hospital/healthcare system,Local or municipal,New York City,New York,Northeast,Yes,Yes,No,No,No,26,Yes,No,No,No,No,No,No,No,No,No,No,No,Yes,No,No,No,No,No,No,No
FL020,2015,No,Yes,Yes,Yes,No,No,No,No,No,No,Yes,No,No,No,Yes,No,Yes,No,No,No,No,No,No,No,No,No,No,No,No,No,No,Print,Local/state health department,Local or municipal,New York City,New York,Northeast,Yes,No,Yes,No,No,42,No,Yes,No,Yes,No,No,No,No,Yes,Yes,No,No,No,No,No,No,No,No,No,No
FL021,2015,No,Yes,Yes,Yes,No,No,Yes,No,No,No,Yes,No,No,No,No,No,No,No,No,No,Yes,No,No,No,No,No,No,No,No,No,No,Print,Local/state health department,Local or municipal,New York City,New York,Northeast,Yes,Yes,No,No,No,42,Yes,No,No,Yes,No,No,No,No,Yes,Yes,No,No,No,No,No,No,No,No,No,No
FL022,2015,No,Yes,Yes,Yes,No,No,Yes,No,No,No,Yes,No,No,No,No,No,No,Yes,No,No,No,No,No,No,No,No,No,No,No,No,No,Print,Local/state health department,Local or municipal,New York City,New York,Northeast,No,No,Yes,No,No,42,No,Yes,No,Yes,No,No,No,No,Yes,Yes,No,No,No,No,No,No,No,No,No,No
FL023,2018,No,No,No,Yes,No,No,No,No,No,No,Yes,No,No,No,Yes,No,Yes,No,Yes,No,Yes,No,No,No,No,No,No,No,No,No,No,Print,Federal government agency,National,,,,No,Yes,No,No,No,15,Yes,Yes,No,No,No,No,No,No,No,No,No,No,No,No,No,No,No,No,No,No
FL024,2018,No,Yes,Yes,Yes,No,No,Yes,Yes,No,No,Yes,No,No,No,No,No,No,No,No,Yes,Yes,Yes,No,Yes,No,No,No,No,No,No,No,Print,Local/state health department,Local or municipal,New York City,New York,Northeast,Yes,Yes,Yes,No,No,41,No,No,Yes,Yes,No,No,No,Yes,Yes,Yes,No,No,No,No,No,No,No,No,No,No
FL025,2018,No,Yes,Yes,Yes,No,No,Yes,Yes,No,No,Yes,No,No,No,No,No,Yes,No,Yes,Yes,Yes,Yes,No,Yes,No,No,No,No,No,No,No,Print,Local/state health department,Local or municipal,New York City,New York,Northeast,Yes,Yes,Yes,No,No,41,No,No,Yes,Yes,No,No,No,No,Yes,Yes,No,Yes,No,No,No,No,No,No,No,No
FL026,2018,No,Yes,Yes,Yes,No,No,Yes,Yes,No,No,Yes,No,No,No,No,No,No,No,Yes,No,No,No,No,No,No,No,No,No,No,No,No,Print,Local/state health department,Local or municipal,New York City,New York,Northeast,Yes,Yes,No,No,No,41,No,No,Yes,Yes,No,No,No,No,Yes,Yes,No,Yes,No,No,No,No,No,No,No,No
FL027,2018,No,Yes,Yes,Yes,No,No,Yes,Yes,No,No,Yes,No,No,No,No,No,No,No,No,Yes,No,Yes,No,Yes,No,No,No,No,No,No,No,Print,Local/state health department,Local or municipal,New York City,New York,Northeast,Yes,Yes,Yes,No,No,41,No,No,Yes,Yes,No,No,No,No,Yes,Yes,No,Yes,No,No,No,No,No,No,No,No
FL028,2018,No,Yes,Yes,Yes,No,No,Yes,Yes,No,No,Yes,No,No,No,No,No,No,No,No,No,Yes,No,No,No,No,No,No,No,No,No,No,Print,Local/state health department,Local or municipal,New York City,New York,Northeast,Yes,Yes,No,No,No,41,No,No,Yes,Yes,No,No,No,No,Yes,Yes,No,Yes,No,No,No,No,No,No,No,No
FL029,2015,Yes,No,No,No,No,No,No,No,No,No,Yes,Yes,No,No,No,No,No,No,No,No,Yes,No,No,No,No,No,No,No,No,No,No,Print,Hospital/healthcare system,Local or municipal,New York City,New York,Northeast,Yes,Yes,No,Yes,No,31,Yes,No,No,No,No,No,No,No,No,No,No,No,No,No,No,No,No,No,No,No
FL030,2018,No,Yes,No,No,No,No,No,No,No,No,Yes,No,No,No,Yes,Yes,No,No,No,No,Yes,No,No,No,No,No,No,No,No,No,No,Print,Hospital/healthcare system,Local or municipal,New York City,New York,Northeast,No,Yes,No,No,No,40,No,Yes,No,No,No,No,No,No,No,Yes,No,No,No,No,No,No,No,No,No,No
FL031,2018,No,Yes,No,No,No,No,No,No,No,No,Yes,No,No,No,No,No,No,No,No,No,Yes,No,No,No,No,No,No,No,No,No,No,Print,Hospital/healthcare system,Local or municipal,New York City,New York,Northeast,Yes,Yes,No,No,No,40,Yes,No,No,No,No,No,No,No,No,No,No,No,No,No,No,No,No,No,No,No
FL032,2018,No,Yes,Yes,Yes,No,No,No,No,No,No,No,No,No,No,No,No,No,No,No,No,Yes,No,No,No,No,No,No,No,No,No,No,Print,Hospital/healthcare system,Local or municipal,New York City,New York,Northeast,Yes,Yes,No,No,No,40,Yes,No,No,No,No,No,No,No,Yes,No,No,No,No,No,No,No,No,No,No,No
FL033,2020,No,No,No,No,No,No,No,No,No,No,Yes,Yes,No,No,No,No,No,No,No,No,Yes,No,No,No,No,No,No,No,No,No,No,Print,Community-based organization,Local or municipal,Houston,Texas,South,Yes,Yes,No,Yes,Yes,1,Yes,No,No,No,No,Yes,No,No,No,No,Yes,No,No,No,No,Yes,Yes,No,No,No
FL034,2019,Yes,No,No,No,No,No,No,No,No,No,Yes,No,No,No,Yes,Yes,No,No,Yes,No,No,No,No,No,No,No,No,No,No,No,No,Print,Local/state health department,Local or municipal,Dayton,Ohio,Midwest,No,Yes,No,Yes,Yes,20,Yes,No,No,No,No,No,No,No,Yes,No,No,No,No,No,No,No,No,No,No,No
FL035,2016,No,Yes,No,No,Yes,No,No,No,No,No,No,No,Yes,Yes,No,No,No,No,No,No,No,Yes,No,No,No,No,No,No,No,No,No,Print,Local/state health department,Local or municipal,San Francisco,California,West,No,Yes,Yes,Yes,No,52,No,No,Yes,Yes,No,No,No,No,Yes,No,No,No,No,No,No,No,No,No,No,No
FL036,2017,No,Yes,No,No,No,No,No,No,No,No,Yes,Yes,No,Yes,Yes,Yes,No,No,No,No,Yes,No,No,No,No,No,No,No,No,No,No,Print,Local/state health department,State or territory,,Tennessee,South,No,Yes,No,No,No,55,No,Yes,No,Yes,No,No,No,No,Yes,No,No,No,No,No,No,No,No,No,No,No
FL037,2018,No,Yes,No,No,No,No,No,No,No,No,Yes,No,No,No,Yes,Yes,No,No,No,No,Yes,No,No,No,No,No,No,No,No,No,No,Print,Hospital/healthcare system,Local or municipal,New York City,New York,Northeast,Yes,Yes,No,No,No,40,Yes,No,No,No,No,No,No,No,Yes,No,No,No,No,No,No,No,No,No,No,No
FL038,2017,No,No,No,No,No,No,Yes,Yes,No,No,Yes,Yes,No,No,No,No,No,No,Yes,No,No,No,No,No,No,No,No,No,No,No,No,Print,Community-based organization,Local or municipal,Houston,Texas,South,Yes,Yes,No,No,No,2,Yes,No,No,No,No,No,No,No,No,No,No,No,No,No,No,No,No,No,No,No
FL039,2020,No,No,No,Yes,No,No,No,No,Yes,Yes,Yes,No,No,No,No,No,No,No,Yes,No,No,No,No,No,No,No,No,No,No,No,No,Print,Local/state health department,State or territory,,New York,Northeast,Yes,Yes,No,No,No,43,Yes,No,No,No,No,No,No,No,No,No,No,No,No,No,No,No,No,No,No,No
FL040,2020,No,No,No,No,No,No,No,No,Yes,Yes,No,No,No,No,Yes,Yes,No,No,No,Yes,No,No,No,No,No,No,No,No,No,No,No,Print,Local/state health department,State or territory,,New York,Northeast,Yes,Yes,Yes,No,No,43,Yes,No,No,No,No,No,No,No,No,No,No,No,No,No,No,No,No,No,No,No
FL041,2020,No,No,No,Yes,No,No,No,No,Yes,Yes,No,No,No,No,No,No,No,No,No,No,Yes,No,No,No,No,No,No,No,No,No,No,Print,Local/state health department,State or territory,,New York,Northeast,Yes,Yes,No,No,No,43,Yes,No,No,No,No,No,No,No,No,No,No,No,No,No,No,No,No,No,No,No
FL042,2018,No,No,Yes,Yes,No,No,No,Yes,No,No,Yes,No,No,No,No,No,No,No,No,No,Yes,No,No,No,No,No,No,No,No,No,No,Print,Community-based organization,National,,,,Yes,Yes,No,No,No,8,Yes,No,No,No,No,No,No,No,No,No,No,No,No,No,No,No,No,No,No,No
FL043,2018,No,No,No,No,No,No,No,No,No,No,Yes,No,No,No,Yes,Yes,No,No,No,No,Yes,No,No,No,No,No,No,No,No,No,No,Print,Community-based organization,National,,,,Yes,Yes,No,No,No,8,Yes,No,No,No,No,No,No,No,Yes,No,No,No,No,No,No,No,No,No,No,No
FL044,2018,No,Yes,No,No,No,No,Yes,Yes,No,No,No,No,No,No,No,No,No,No,No,No,Yes,No,No,No,No,No,No,No,No,No,No,Print,Community-based organization,National,,,,Yes,Yes,No,No,No,8,Yes,No,No,No,No,No,No,No,Yes,No,No,No,No,No,No,No,No,No,No,No
FL045,2018,No,No,Yes,Yes,No,No,No,Yes,No,No,Yes,No,No,No,No,No,No,No,No,No,Yes,No,No,No,No,No,No,No,No,No,No,Print,Community-based organization,National,,,,Yes,Yes,No,No,No,8,Yes,No,No,No,No,No,No,No,No,No,No,No,No,No,No,No,No,No,No,No
FL046,2018,No,No,Yes,Yes,No,No,No,Yes,No,No,Yes,No,No,No,No,No,No,No,No,No,Yes,No,No,No,No,No,No,No,No,No,No,Print,Community-based organization,National,,,,Yes,Yes,No,No,No,8,Yes,No,No,No,No,No,No,No,No,No,No,No,No,No,No,No,No,No,No,No
FL047,2018,No,Yes,No,No,No,No,No,Yes,No,No,No,No,No,No,Yes,No,No,No,No,No,Yes,No,No,No,No,No,No,No,No,No,No,Print,Community-based organization,National,,,,Yes,Yes,No,No,No,8,Yes,No,No,No,No,No,No,No,No,No,No,No,No,No,No,No,No,No,No,No
FL048,2018,No,Yes,No,No,No,No,No,No,No,No,No,No,Yes,No,Yes,Yes,No,No,No,No,Yes,No,No,No,No,No,No,No,No,No,No,Print,Community-based organization,National,,,,Yes,Yes,No,No,No,8,Yes,No,No,No,No,No,No,No,Yes,No,No,No,No,No,No,No,No,No,No,No
FL049,2018,No,Yes,No,No,No,No,No,No,No,No,No,No,Yes,No,Yes,Yes,No,No,No,No,Yes,No,No,No,No,No,No,No,No,No,No,Print,Community-based organization,National,,,,Yes,Yes,No,No,No,8,Yes,No,No,No,No,No,No,No,No,No,No,No,No,No,No,No,No,No,No,No
FL050,2018,No,Yes,No,No,No,No,No,No,No,No,No,No,Yes,No,No,No,No,No,No,No,Yes,No,No,No,No,No,No,No,No,No,No,Print,Community-based organization,National,,,,Yes,Yes,No,No,No,8,Yes,No,No,No,Yes,No,No,No,No,No,No,No,No,No,No,No,No,No,No,No
FL051,2018,Yes,Yes,No,No,No,No,Yes,No,No,No,No,No,No,No,No,No,No,No,No,No,Yes,No,No,No,No,No,No,No,No,No,No,Print,Community-based organization,National,,,,Yes,Yes,No,No,No,8,Yes,No,No,No,Yes,No,No,No,No,No,No,No,No,No,No,No,No,No,No,No
FL052,2018,No,No,Yes,No,No,No,No,No,No,No,Yes,No,No,No,No,Yes,No,No,No,No,Yes,No,No,No,No,No,No,No,No,No,No,Print,Community-based organization,National,,,,Yes,Yes,No,No,No,8,Yes,No,No,No,No,No,No,No,Yes,No,No,No,No,No,No,No,No,No,No,No
FL053,2018,No,No,Yes,No,No,No,No,No,No,No,Yes,No,No,No,No,Yes,No,No,No,No,Yes,No,No,No,No,No,No,No,No,No,No,Print,Community-based organization,National,,,,Yes,Yes,No,No,No,8,Yes,No,No,No,No,No,No,No,Yes,No,No,No,No,No,No,No,No,No,No,No
FL054,2018,No,Yes,No,No,No,No,Yes,Yes,No,No,No,No,No,No,No,No,No,No,No,No,Yes,No,No,No,No,No,No,No,No,No,No,Print,Community-based organization,National,,,,Yes,Yes,No,No,No,8,No,Yes,No,No,No,No,No,No,No,No,No,No,No,No,No,No,No,No,No,No
FL055,2018,No,No,Yes,Yes,No,No,No,No,No,No,Yes,Yes,No,No,No,No,No,No,No,No,Yes,No,No,No,No,No,No,No,No,No,No,Print,Community-based organization,National,,,,Yes,Yes,No,No,No,8,Yes,No,No,No,No,No,No,No,Yes,No,No,No,No,No,No,No,No,No,No,No
FL056,2020,Yes,No,Yes,Yes,No,No,No,No,No,No,Yes,Yes,No,No,No,Yes,No,No,No,Yes,No,No,No,No,No,No,No,No,No,No,No,Print,Pharmaceutical corporation,National,,,,No,Yes,Yes,No,No,28,Yes,Yes,No,No,No,No,No,No,No,No,No,No,No,Yes,No,No,No,Yes,No,No
FL057,2018,Yes,No,Yes,Yes,No,No,No,No,No,No,Yes,Yes,No,No,Yes,Yes,No,No,No,No,Yes,No,No,No,No,No,No,No,No,No,No,Print,Pharmaceutical corporation,National,,,,Yes,Yes,No,Yes,No,29,Yes,No,No,No,No,No,No,No,No,No,No,No,No,Yes,No,No,No,Yes,No,No
FL058,2017,Yes,No,No,Yes,Yes,No,No,No,No,No,Yes,Yes,No,No,No,No,No,No,Yes,No,No,No,No,No,No,No,No,No,No,No,No,Print,Community-based organization,Local or municipal,Houston,Texas,South,Yes,Yes,No,No,No,2,Yes,No,No,No,No,No,No,No,No,No,No,No,No,No,No,No,No,No,No,No
FL059,2017,No,No,No,Yes,No,No,Yes,No,No,No,Yes,No,No,No,No,No,No,No,No,No,Yes,No,No,No,No,No,No,No,No,No,No,Print,Community-based organization,National,,,,Yes,Yes,No,No,No,9,No,Yes,No,No,No,No,No,No,No,No,No,No,No,No,No,No,No,No,No,No
FL060,2017,No,No,No,Yes,No,No,Yes,No,No,No,Yes,No,No,No,No,No,No,No,No,No,Yes,No,No,No,No,No,No,No,No,No,No,Print,Community-based organization,National,,,,No,Yes,No,No,No,9,Yes,No,No,No,No,No,No,No,No,No,No,No,No,No,No,No,No,No,No,No
FL061,2017,No,No,No,Yes,No,No,Yes,No,No,No,Yes,No,No,No,No,No,No,No,No,No,Yes,No,No,No,No,No,No,No,No,No,No,Print,Community-based organization,National,,,,No,Yes,No,No,No,9,No,Yes,No,No,No,No,No,No,No,No,No,No,No,No,No,No,No,No,No,No
FL062,2019,Yes,Yes,No,No,Yes,No,No,No,No,No,Yes,No,No,No,Yes,No,No,No,No,No,Yes,No,No,No,No,No,No,No,No,No,No,Print,Hospital/healthcare system,National,,,,Yes,Yes,No,No,Yes,48,Yes,No,No,No,No,No,No,No,No,Yes,No,No,No,No,No,No,No,No,No,No
FL063,2019,Yes,Yes,No,No,Yes,No,No,No,No,No,Yes,No,No,No,Yes,No,No,No,No,No,Yes,No,No,No,No,No,No,No,No,No,No,Print,Hospital/healthcare system,National,,,,Yes,Yes,No,No,Yes,48,Yes,No,No,No,No,No,Yes,No,No,Yes,No,No,No,No,No,No,No,No,No,No
FL064,2019,Yes,No,Yes,Yes,No,No,No,No,Yes,Yes,Yes,No,No,No,No,No,No,No,No,No,Yes,No,No,No,No,No,No,No,No,No,No,Print,Local/state health department,State or territory,,Washington,West,Yes,Yes,No,Yes,No,59,Yes,No,No,No,No,No,No,No,No,No,No,No,No,No,No,No,No,No,No,No
FL065,2019,Yes,No,Yes,Yes,No,No,No,No,Yes,Yes,Yes,No,No,No,No,No,No,No,No,No,No,No,Yes,No,No,No,No,No,No,No,No,Print,Local/state health department,State or territory,,Washington,West,Yes,Yes,No,Yes,No,59,Yes,No,No,No,No,No,No,No,No,No,No,No,No,No,No,No,No,No,No,No
FL066,2015,Yes,No,No,No,No,No,No,No,No,No,Yes,Yes,No,No,No,No,No,No,No,Yes,No,No,No,No,No,No,No,No,No,No,No,Print,Local/state health department,State or territory,,New York,Northeast,Yes,Yes,Yes,Yes,No,44,Yes,No,No,Yes,No,No,No,No,No,No,No,No,No,No,No,No,No,No,No,No
FL067,2015,Yes,No,No,No,No,No,No,No,No,No,Yes,Yes,No,No,No,No,No,No,No,No,No,Yes,No,No,No,No,No,No,No,No,No,Print,Local/state health department,State or territory,,New York,Northeast,Yes,Yes,Yes,Yes,No,44,Yes,No,No,Yes,No,No,No,No,No,No,No,No,No,No,No,No,No,No,No,No
FL068,2014,No,Yes,No,No,Yes,No,Yes,No,No,No,No,No,No,No,No,No,No,No,No,No,Yes,No,No,No,No,No,No,No,No,No,No,Print,Community-based organization,Local or municipal,San Francisco,California,West,No,Yes,No,No,No,51,No,Yes,No,No,No,No,No,No,No,No,No,No,Yes,Yes,No,No,Yes,No,No,No
FL069,2018,Yes,Yes,Yes,No,No,Yes,Yes,No,No,No,No,No,Yes,No,No,Yes,Yes,No,No,No,Yes,No,No,No,No,No,No,No,No,No,No,Print,Pharmaceutical corporation,National,,,,Yes,Yes,No,No,No,27,No,Yes,No,No,No,No,No,No,No,No,No,No,No,No,No,No,No,No,No,No
FL070,2020,Yes,Yes,No,No,No,No,No,No,No,No,Yes,Yes,No,Yes,Yes,No,No,No,Yes,No,No,No,No,No,No,No,No,No,No,No,No,Print,Local/state health department,State or territory,,Massachusetts,Northeast,No,Yes,No,No,No,38,No,Yes,No,No,No,No,No,No,No,No,Yes,No,No,No,No,No,No,Yes,No,No
FL071,2019,No,No,No,No,No,No,Yes,No,No,No,Yes,No,Yes,Yes,Yes,Yes,No,No,No,No,No,Yes,No,No,No,No,No,No,No,No,No,Print,Local/state health department,Local or municipal,Washington,District of Columbia,South,Yes,Yes,Yes,No,No,22,Yes,No,No,No,No,No,No,No,No,No,No,No,No,No,No,No,No,No,No,No
FL072,2019,No,No,No,No,No,No,Yes,No,No,No,Yes,No,Yes,Yes,Yes,Yes,No,No,No,No,No,Yes,No,No,No,No,No,No,No,No,No,Print,Local/state health department,Local or municipal,Washington,District of Columbia,South,Yes,Yes,Yes,No,No,22,No,No,Yes,No,No,No,No,No,No,No,No,No,No,No,No,No,No,No,No,No
FL073,2020,Yes,No,Yes,No,No,No,Yes,Yes,Yes,Yes,Yes,No,No,Yes,No,Yes,No,No,No,Yes,No,No,No,No,No,No,No,No,No,No,No,Print,Local/state health department,Local or municipal,Cleveland,Ohio,Midwest,Yes,Yes,Yes,Yes,No,19,Yes,No,No,No,No,No,No,No,Yes,No,No,No,No,No,No,No,No,No,No,No
FL074,2016,No,Yes,No,No,No,No,No,No,No,No,Yes,No,No,Yes,Yes,No,No,Yes,No,No,No,Yes,No,No,No,No,No,No,No,No,No,Print,Local/state health department,Local or municipal,San Francisco,California,West,No,Yes,Yes,Yes,No,52,No,No,Yes,Yes,No,No,No,No,Yes,No,No,No,No,No,No,No,No,No,No,No
FL075,2016,No,Yes,No,No,No,No,No,No,No,No,Yes,No,No,Yes,Yes,No,No,No,No,No,No,Yes,No,No,No,No,No,No,No,No,No,Print,Local/state health department,Local or municipal,San Francisco,California,West,No,Yes,Yes,Yes,No,52,No,No,Yes,Yes,No,No,No,No,Yes,No,No,No,No,No,No,No,No,No,No,No
FL076,2016,No,Yes,No,No,No,No,No,No,No,No,Yes,No,No,Yes,Yes,No,No,No,No,No,No,Yes,No,No,No,No,No,No,No,No,No,Print,Local/state health department,Local or municipal,San Francisco,California,West,No,Yes,Yes,Yes,No,52,No,No,Yes,Yes,No,No,No,No,Yes,No,No,No,No,No,No,No,No,No,No,No
FL077,2016,Yes,Yes,No,No,No,No,Yes,Yes,No,No,No,No,No,No,No,No,No,No,No,No,Yes,No,No,No,No,No,No,No,No,No,No,Print,Hospital/healthcare system,Local or municipal,New Haven,Connecticut,Northeast,Yes,Yes,Yes,No,No,4,Yes,No,No,No,No,No,No,No,Yes,No,No,No,No,No,No,No,No,No,No,No
FL078,2016,No,Yes,No,No,No,No,Yes,Yes,No,No,Yes,No,No,No,No,No,Yes,No,No,No,No,No,No,No,No,No,No,No,No,No,No,Print,Hospital/healthcare system,Local or municipal,New Haven,Connecticut,Northeast,Yes,No,No,No,No,4,Yes,No,No,No,No,No,No,No,Yes,No,No,No,No,No,No,No,No,No,No,No
FL079,2016,No,Yes,No,No,Yes,No,No,No,No,No,Yes,No,No,No,Yes,No,Yes,No,No,No,No,No,No,No,No,No,No,No,No,No,No,Print,Hospital/healthcare system,Local or municipal,New Haven,Connecticut,Northeast,No,No,No,No,No,4,No,Yes,No,No,No,No,No,No,No,No,No,No,No,No,No,No,No,No,No,No
FL080,2016,No,No,Yes,Yes,No,No,No,No,No,No,Yes,No,No,No,No,No,No,No,No,No,Yes,No,No,No,No,No,No,No,No,No,No,Print,Hospital/healthcare system,Local or municipal,New Haven,Connecticut,Northeast,Yes,Yes,Yes,No,No,4,No,Yes,No,No,No,No,No,No,No,No,No,No,No,No,No,No,No,No,No,No
FL081,2016,No,No,No,No,No,No,No,No,No,No,Yes,Yes,No,No,No,No,Yes,No,No,No,No,No,No,No,No,No,No,No,No,No,No,Print,Hospital/healthcare system,Local or municipal,New Haven,Connecticut,Northeast,Yes,No,No,No,No,4,Yes,No,No,No,No,No,No,No,No,No,No,No,No,No,No,No,No,No,No,No
FL082,2016,No,No,No,No,No,No,No,No,No,No,Yes,Yes,No,No,No,No,No,Yes,No,No,No,No,No,No,No,No,No,No,No,No,No,Print,Hospital/healthcare system,Local or municipal,New Haven,Connecticut,Northeast,Yes,No,Yes,No,No,4,Yes,No,No,No,No,No,No,No,No,No,No,No,No,No,No,No,No,No,No,No
FL083,2016,Yes,No,No,No,No,No,No,Yes,No,No,No,No,No,No,Yes,No,No,No,Yes,No,No,No,No,No,No,No,No,No,No,No,No,Print,Hospital/healthcare system,Local or municipal,New Haven,Connecticut,Northeast,Yes,Yes,No,No,No,4,No,Yes,No,No,No,No,No,No,No,No,No,No,No,No,No,No,No,No,No,No
FL084,2016,No,Yes,Yes,No,No,No,No,No,No,No,No,Yes,No,No,Yes,No,Yes,No,No,No,No,No,No,No,No,No,No,No,No,No,No,Print,Hospital/healthcare system,Local or municipal,New Haven,Connecticut,Northeast,No,No,No,No,No,4,No,Yes,No,No,No,No,No,No,No,Yes,No,No,No,No,No,No,No,No,No,No
FL085,2016,No,No,Yes,No,No,No,Yes,Yes,No,No,No,Yes,No,No,No,No,No,No,No,No,No,Yes,No,No,No,No,No,No,No,No,No,Print,Hospital/healthcare system,Local or municipal,New Haven,Connecticut,Northeast,Yes,Yes,Yes,No,No,4,Yes,No,No,No,No,No,No,No,Yes,No,No,No,No,No,No,No,No,No,No,No
FL086,2016,No,Yes,Yes,No,No,No,No,No,No,No,No,No,No,No,Yes,No,No,No,No,No,No,Yes,No,No,No,No,No,No,No,No,No,Print,Hospital/healthcare system,Local or municipal,Chicago,Illinois,Midwest,No,Yes,Yes,Yes,No,16,No,Yes,No,No,No,No,No,No,No,No,No,Yes,No,No,No,No,No,No,No,No
FL087,2016,No,Yes,Yes,No,No,No,No,No,No,No,No,No,No,No,Yes,No,No,No,No,No,No,Yes,No,No,No,No,No,No,No,No,No,Print,Hospital/healthcare system,Local or municipal,Chicago,Illinois,Midwest,No,Yes,Yes,Yes,No,16,No,Yes,No,No,No,No,No,No,No,No,No,No,No,Yes,No,No,No,No,No,No
FL088,2016,No,Yes,Yes,No,No,No,No,No,No,No,No,No,No,No,Yes,No,No,No,No,No,No,Yes,No,No,No,No,No,No,No,No,No,Print,Hospital/healthcare system,Local or municipal,Chicago,Illinois,Midwest,No,Yes,Yes,Yes,No,16,No,Yes,No,No,No,No,No,No,No,No,No,No,Yes,No,No,No,No,No,No,No
FL089,2016,No,Yes,Yes,No,No,No,No,No,No,No,No,No,No,No,Yes,No,No,No,No,No,No,Yes,No,No,No,No,No,No,No,No,No,Print,Hospital/healthcare system,Local or municipal,Chicago,Illinois,Midwest,No,Yes,Yes,Yes,No,16,No,Yes,No,No,No,No,No,No,No,No,No,No,Yes,No,No,No,No,No,No,No
FL090,2016,Yes,Yes,Yes,No,No,No,No,No,No,No,No,No,No,No,Yes,No,No,No,No,No,No,Yes,No,No,No,No,No,No,No,No,No,Print,Hospital/healthcare system,Local or municipal,Chicago,Illinois,Midwest,No,Yes,Yes,Yes,No,16,No,Yes,No,No,No,No,No,No,No,No,No,No,No,No,No,No,No,No,No,No
FL091,2016,No,Yes,Yes,No,No,No,No,No,No,No,Yes,No,No,No,Yes,Yes,No,No,No,No,No,Yes,No,No,No,No,No,No,No,No,No,Print,Hospital/healthcare system,Local or municipal,Chicago,Illinois,Midwest,No,Yes,Yes,Yes,No,16,No,Yes,No,No,No,No,No,No,No,No,Yes,No,No,No,No,No,Yes,No,No,No
FL092,2016,Yes,Yes,No,No,Yes,No,No,No,No,No,No,No,No,No,Yes,Yes,No,No,No,No,Yes,No,No,No,No,No,No,No,No,No,No,Print,Hospital/healthcare system,State or territory,,Ohio,Midwest,No,Yes,No,No,No,25,No,Yes,No,No,No,No,No,No,No,Yes,No,No,No,No,No,No,No,No,No,No
FL093,2018,No,Yes,No,No,No,No,No,No,No,No,Yes,No,No,No,No,No,No,No,No,No,Yes,No,No,No,No,No,No,No,No,No,No,Print,Hospital/healthcare system,Local or municipal,Charleston,South Carolina,South,Yes,Yes,No,No,No,46,Yes,No,No,No,No,No,No,No,No,No,No,No,No,No,No,No,No,No,No,No
FL094,2021,Yes,Yes,No,No,No,No,Yes,Yes,No,No,No,No,No,No,No,Yes,No,No,No,Yes,No,No,No,No,No,No,No,No,No,No,No,Print,Hospital/healthcare system,Local or municipal,New York City,New York,Northeast,Yes,Yes,Yes,No,No,10,Yes,No,No,No,No,No,No,No,Yes,No,No,No,No,No,No,No,No,No,No,No
FL095,2018,No,No,No,Yes,No,No,No,No,No,No,Yes,No,No,No,No,No,No,No,No,Yes,No,Yes,No,No,No,No,No,No,No,No,No,Print,Local/state health department,Local or municipal,Los Angeles,California,West,Yes,Yes,Yes,Yes,No,17,Yes,No,No,Yes,No,No,No,No,No,No,No,No,No,No,No,No,No,No,No,No
FL096,2018,No,Yes,No,No,No,No,Yes,Yes,No,No,Yes,No,No,No,No,No,No,No,No,Yes,No,Yes,No,No,No,No,No,No,No,No,No,Print,Local/state health department,Local or municipal,Los Angeles,California,West,Yes,Yes,Yes,No,No,17,No,Yes,No,No,No,No,No,No,No,No,No,Yes,No,No,No,No,No,No,No,No
FL097,2018,No,Yes,No,No,No,No,No,No,No,No,Yes,No,No,No,No,No,No,No,No,Yes,No,No,No,No,No,No,No,No,No,No,No,Print,Local/state health department,Local or municipal,Los Angeles,California,West,Yes,Yes,Yes,Yes,No,17,Yes,No,No,No,No,No,No,No,No,No,Yes,No,No,No,No,No,Yes,No,No,No
FL098,2018,Yes,No,No,No,No,No,Yes,Yes,No,No,No,No,No,No,No,No,No,No,No,No,No,Yes,No,No,No,No,No,No,No,No,No,Print,Local/state health department,Local or municipal,Los Angeles,California,West,Yes,Yes,Yes,Yes,No,17,Yes,No,No,No,No,No,No,No,No,No,No,No,No,No,No,No,No,No,No,No
FL099,2018,No,Yes,No,No,No,No,No,No,No,No,Yes,No,No,No,No,No,No,No,No,Yes,No,Yes,No,No,No,No,No,No,No,No,No,Print,Local/state health department,Local or municipal,Los Angeles,California,West,Yes,Yes,Yes,No,No,17,Yes,No,No,No,No,No,No,No,No,No,Yes,No,No,No,No,No,Yes,No,No,No
FL100,2018,No,Yes,No,No,Yes,No,Yes,Yes,No,No,No,No,No,No,No,Yes,No,No,No,Yes,No,No,No,No,No,No,No,No,No,No,No,Print,Local/state health department,Local or municipal,Los Angeles,California,West,Yes,Yes,Yes,No,No,17,Yes,No,No,No,No,No,No,No,Yes,No,No,No,No,No,No,No,No,No,No,No
FL101,2018,Yes,Yes,No,No,No,No,No,No,No,No,Yes,No,No,No,No,No,No,No,No,No,No,Yes,No,No,No,No,No,No,No,No,No,Print,Local/state health department,Local or municipal,Los Angeles,California,West,Yes,Yes,Yes,No,No,17,Yes,No,No,No,No,No,No,No,No,No,Yes,Yes,Yes,No,No,No,Yes,No,No,No
FL102,2018,Yes,Yes,No,No,No,No,No,Yes,No,No,Yes,No,No,No,No,No,No,No,No,Yes,No,No,No,No,No,No,No,No,No,No,No,Print,Local/state health department,Local or municipal,Los Angeles,California,West,Yes,Yes,Yes,Yes,No,17,Yes,No,No,Yes,No,No,No,No,No,No,No,No,Yes,No,No,No,No,No,No,No
FL103,2019,No,No,No,No,No,No,Yes,Yes,No,No,No,No,No,No,No,No,No,No,Yes,Yes,No,No,No,No,No,No,No,No,No,No,No,Print,Hospital/healthcare system,Local or municipal,New York City,New York,Northeast,No,Yes,Yes,No,No,39,No,No,Yes,No,No,No,No,No,Yes,No,No,No,No,No,No,No,No,No,No,No
FL104,2016,No,No,No,No,No,No,No,Yes,No,No,Yes,No,No,No,No,No,No,No,No,No,No,Yes,No,No,No,No,No,No,No,No,No,Print,Local/state health department,Local or municipal,Los Angeles,California,West,Yes,Yes,Yes,No,No,18,Yes,No,No,No,No,No,No,No,No,No,No,No,No,No,No,No,No,No,No,No
FL105,2016,No,No,No,No,No,No,No,Yes,Yes,No,Yes,No,Yes,Yes,No,No,No,No,No,No,Yes,No,No,No,No,No,No,No,No,No,No,Print,Local/state health department,Local or municipal,Los Angeles,California,West,Yes,Yes,No,No,No,18,Yes,No,No,No,No,No,No,No,No,No,No,No,No,No,No,No,No,No,No,No
FL106,2019,No,Yes,Yes,Yes,No,No,No,No,No,No,Yes,No,No,No,No,No,No,No,No,No,Yes,No,No,No,No,No,No,No,No,No,No,Print,Local/state health department,Local or municipal,Philadelphia,Pennsylvania,Northeast,Yes,Yes,Yes,No,No,47,No,Yes,No,No,No,No,No,No,No,Yes,No,No,No,No,No,No,No,No,No,No
FL107,2019,No,Yes,Yes,Yes,No,No,No,No,No,No,Yes,No,No,No,No,No,No,No,No,No,Yes,No,No,No,No,No,No,No,No,No,No,Print,Local/state health department,Local or municipal,Philadelphia,Pennsylvania,Northeast,Yes,Yes,No,No,No,47,Yes,No,No,No,No,No,No,No,No,Yes,No,No,No,No,No,No,No,No,No,No
FL108,2019,No,Yes,Yes,Yes,No,No,No,No,No,No,Yes,No,No,No,No,No,No,No,No,No,Yes,No,No,No,No,No,No,No,No,No,No,Print,Local/state health department,Local or municipal,Philadelphia,Pennsylvania,Northeast,Yes,Yes,No,No,No,47,Yes,No,No,No,No,No,No,No,No,Yes,No,No,No,No,No,No,No,No,No,No
FL109,2019,No,Yes,Yes,Yes,No,No,No,No,No,No,Yes,No,No,No,No,No,No,No,Yes,No,No,No,No,No,No,No,No,No,No,No,No,Print,Local/state health department,Local or municipal,Philadelphia,Pennsylvania,Northeast,No,Yes,No,No,No,47,No,Yes,No,No,No,No,No,No,No,Yes,No,No,No,No,No,No,No,No,No,No
FL110,2019,No,Yes,Yes,Yes,No,No,No,No,No,No,Yes,No,No,No,No,No,No,No,No,No,Yes,No,No,No,No,No,No,No,No,No,No,Print,Local/state health department,Local or municipal,Philadelphia,Pennsylvania,Northeast,No,Yes,No,No,No,47,No,Yes,No,No,No,No,No,No,No,Yes,No,No,No,No,No,No,No,No,No,No
FL111,2020,No,No,No,Yes,No,No,Yes,No,No,No,No,No,No,No,No,Yes,No,No,No,No,Yes,No,No,No,No,No,No,No,No,No,No,Print,Federal government agency,National,,,,Yes,Yes,No,Yes,No,12,Yes,No,No,No,No,No,No,No,Yes,No,No,No,No,No,No,No,No,No,No,No
FL112,2016,Yes,Yes,Yes,Yes,No,No,No,No,No,No,No,No,No,No,Yes,Yes,No,Yes,No,No,No,Yes,No,No,No,No,No,No,No,No,No,Print,Hospital/healthcare system,Local or municipal,Los Angeles,California,West,No,Yes,Yes,No,No,36,No,Yes,No,No,No,No,No,No,No,Yes,No,No,No,No,No,No,No,No,No,No
FL113,2015,No,No,Yes,No,No,Yes,No,No,No,No,Yes,No,No,No,No,No,No,No,Yes,No,No,No,No,No,No,No,No,No,No,No,No,Print,Public advocacy organization,National,,,,No,Yes,No,Yes,No,35,Yes,No,No,Yes,Yes,No,No,Yes,No,No,No,No,No,No,No,No,No,No,No,No
FL114,2015,No,No,No,No,No,Yes,No,No,No,No,Yes,Yes,Yes,No,No,Yes,No,No,Yes,No,No,No,No,No,No,No,No,No,No,No,No,Print,Public advocacy organization,National,,,,No,Yes,No,No,No,35,Yes,No,No,No,Yes,No,No,Yes,No,No,No,No,No,No,No,No,No,No,No,No
FL115,2019,No,No,No,No,Yes,Yes,No,No,No,No,Yes,Yes,No,No,No,No,No,No,No,No,Yes,No,No,No,No,No,No,No,No,No,No,Print,Hospital/healthcare system,Local or municipal,Rochester,New York,Northeast,Yes,Yes,No,No,No,57,Yes,No,No,No,No,No,No,No,No,No,No,No,No,No,No,No,No,No,No,No
FL116,2014,No,No,No,No,No,No,Yes,Yes,No,No,Yes,No,No,No,No,Yes,No,No,No,No,Yes,No,No,No,No,No,No,No,No,No,No,Print,Hospital/healthcare system,State or territory,,New York,Northeast,Yes,Yes,No,No,No,50,Yes,No,No,No,Yes,No,No,No,No,No,No,No,No,No,No,No,No,No,No,No
FL117,2014,No,No,No,No,No,No,Yes,Yes,No,No,Yes,No,No,No,No,Yes,No,No,No,No,Yes,No,No,No,No,No,No,No,No,No,No,Print,Hospital/healthcare system,State or territory,,New York,Northeast,Yes,Yes,No,No,No,50,Yes,No,No,No,Yes,No,No,No,No,No,No,No,No,No,No,No,No,No,No,No
FL118,2014,No,No,No,No,No,No,Yes,Yes,No,No,Yes,No,No,No,No,Yes,No,No,Yes,No,No,No,No,No,No,No,No,No,No,No,No,Print,Hospital/healthcare system,State or territory,,New York,Northeast,Yes,Yes,No,No,No,50,Yes,No,No,No,Yes,No,No,No,No,No,No,No,No,No,No,No,No,No,No,No
FL119,2020,No,No,Yes,Yes,No,No,No,No,No,No,Yes,No,No,No,Yes,Yes,Yes,No,No,No,No,No,No,No,No,No,No,No,No,No,No,Print,Community-based organization,Local or municipal,San Francisco,California,West,No,No,Yes,Yes,No,37,No,Yes,No,No,No,No,No,No,Yes,No,No,No,No,No,No,No,No,No,No,No
FL120,2019,Yes,No,No,No,No,No,No,Yes,No,No,Yes,No,No,No,Yes,Yes,No,No,No,No,Yes,No,No,No,No,No,No,No,No,No,No,Print,Local/state health department,Local or municipal,Washington,District of Columbia,South,Yes,Yes,No,No,No,21,No,No,Yes,No,No,No,No,No,Yes,No,No,No,No,No,No,No,No,No,No,No
FL121,2017,No,No,No,No,No,No,Yes,Yes,No,No,Yes,No,No,No,Yes,Yes,Yes,No,No,No,No,Yes,No,No,No,No,No,No,No,No,No,Print,Local/state health department,Local or municipal,San Francisco,California,West,No,Yes,Yes,No,No,54,Yes,No,No,No,No,No,No,No,Yes,No,No,No,No,No,No,No,No,No,No,No
FL122,2017,Yes,No,No,No,Yes,No,No,Yes,No,No,No,No,No,No,No,No,No,No,No,No,Yes,No,No,No,No,No,No,No,No,No,No,Print,Public advocacy organization,State or territory,,California,West,No,Yes,No,No,No,24,No,Yes,No,No,No,No,No,No,No,No,No,No,No,No,No,No,No,No,No,No
FL123,2017,No,No,No,No,No,No,No,No,No,No,Yes,Yes,No,No,No,No,No,No,No,No,Yes,No,No,No,No,No,No,No,No,No,No,Print,Public advocacy organization,State or territory,,California,West,No,Yes,No,No,No,24,No,Yes,No,No,No,No,No,No,No,No,No,No,No,No,No,No,No,No,No,No
FL124,2019,Yes,No,No,No,No,No,No,Yes,No,No,Yes,No,No,No,Yes,Yes,No,No,No,No,Yes,No,No,No,No,No,No,No,No,No,No,Print,Local/state health department,Local or municipal,Washington,District of Columbia,South,Yes,Yes,No,No,No,21,Yes,No,No,No,No,No,No,No,Yes,No,No,No,No,No,No,No,No,No,No,No
FL125,2019,Yes,No,No,No,No,No,No,Yes,No,No,Yes,No,No,No,Yes,Yes,No,No,No,No,Yes,No,No,No,No,No,No,No,No,No,No,Print,Local/state health department,Local or municipal,Washington,District of Columbia,South,Yes,Yes,No,No,No,21,No,No,Yes,No,No,No,No,No,Yes,No,No,No,No,No,No,No,No,No,No,No
FL126,2019,Yes,No,No,No,No,No,No,Yes,No,No,Yes,No,No,No,Yes,Yes,No,No,No,No,Yes,No,No,No,No,No,No,No,No,No,No,Print,Local/state health department,Local or municipal,Washington,District of Columbia,South,Yes,Yes,No,No,No,21,No,No,Yes,No,No,No,No,No,Yes,No,No,No,No,No,No,No,No,No,No,No
FL127,2021,No,Yes,Yes,Yes,No,No,No,No,No,No,Yes,No,No,No,No,No,No,No,No,No,No,No,Yes,No,No,No,No,No,No,No,No,Print,Hospital/healthcare system,Local or municipal,Los Angeles,California,West,Yes,Yes,No,No,No,6,Yes,No,No,Yes,No,No,No,No,No,No,No,No,No,No,No,No,No,No,No,No
FL128,2021,No,No,No,No,No,Yes,No,No,No,No,Yes,Yes,No,No,Yes,No,No,No,Yes,No,No,No,No,No,No,No,No,No,No,No,No,Print,Hospital/healthcare system,Local or municipal,Los Angeles,California,West,Yes,No,No,No,No,6,Yes,No,No,No,No,No,No,No,No,No,No,No,No,No,No,No,No,No,No,No
FL129,2015,No,No,No,No,No,No,No,No,No,No,Yes,Yes,No,No,No,No,No,No,No,Yes,No,No,No,No,No,No,No,No,No,No,No,Print,Local/state health department,State or territory,,New York,Northeast,Yes,Yes,Yes,Yes,No,44,Yes,No,No,Yes,No,No,No,No,No,No,No,No,No,No,No,No,No,No,No,No
FL130,2015,No,No,No,No,No,No,No,No,No,No,Yes,Yes,No,No,No,No,No,No,No,No,No,Yes,No,No,No,No,No,No,No,No,No,Print,Local/state health department,State or territory,,New York,Northeast,Yes,Yes,Yes,Yes,No,44,Yes,No,No,Yes,No,No,No,No,No,No,No,No,No,No,No,No,No,No,No,No
TV001,2020,Yes,Yes,No,No,No,No,No,No,Yes,Yes,No,No,Yes,Yes,No,Yes,No,No,Yes,No,No,No,No,No,No,No,No,No,No,No,No,Video,Local/state health department,State or territory,,New York,Northeast,Yes,Yes,No,No,No,43,Yes,No,No,No,No,No,No,No,Yes,Yes,No,No,No,No,No,No,No,No,No,No
TV002,2020,No,No,Yes,No,No,No,Yes,No,Yes,Yes,No,No,No,No,Yes,Yes,No,No,No,Yes,No,No,No,No,No,No,No,No,No,No,No,Video,Local/state health department,State or territory,,New York,Northeast,Yes,Yes,Yes,No,No,43,Yes,No,No,No,No,No,No,No,Yes,No,No,No,No,No,No,No,No,No,No,No
TV003,2020,Yes,No,Yes,Yes,No,No,No,No,Yes,Yes,No,No,No,No,No,Yes,No,No,No,No,Yes,No,No,No,No,No,No,No,No,No,No,Video,Local/state health department,State or territory,,New York,Northeast,Yes,Yes,No,No,No,43,Yes,No,No,No,No,No,No,No,No,No,No,No,No,No,No,No,No,No,No,No
TV004,2016,Yes,Yes,No,No,No,No,No,Yes,Yes,No,No,No,No,Yes,No,No,No,No,No,No,Yes,No,No,No,No,No,No,No,No,No,No,Video,Community-based organization,Local or municipal,Durham,North Carolina,South,No,Yes,No,No,Yes,56,No,No,Yes,Yes,Yes,No,No,No,No,No,Yes,No,No,No,No,No,Yes,No,No,No
TV005,2018,Yes,Yes,Yes,Yes,No,Yes,Yes,No,Yes,Yes,Yes,Yes,No,No,No,Yes,No,No,No,No,Yes,No,No,No,No,No,No,No,No,No,No,Video,Public advocacy organization,National,,,,Yes,Yes,No,No,No,30,Yes,No,No,No,No,No,No,No,Yes,No,No,No,No,No,No,No,No,No,No,No
TV006,2018,No,Yes,Yes,Yes,No,Yes,No,No,Yes,Yes,No,No,Yes,No,No,Yes,No,No,Yes,No,No,No,No,No,No,No,No,No,No,No,No,Video,Public advocacy organization,National,,,,Yes,Yes,No,No,No,30,Yes,No,No,No,No,No,No,No,Yes,Yes,No,No,No,No,Yes,No,No,No,No,No
TV007,2018,Yes,No,Yes,Yes,No,Yes,No,Yes,Yes,Yes,No,No,No,No,Yes,Yes,No,No,No,No,Yes,No,No,No,No,No,No,No,No,No,No,Video,Public advocacy organization,National,,,,Yes,Yes,No,No,No,30,Yes,No,No,No,No,No,No,No,Yes,No,No,No,No,No,No,No,No,No,No,No
TV008,2018,Yes,Yes,Yes,Yes,No,No,Yes,Yes,Yes,Yes,No,No,No,No,No,Yes,No,No,No,No,No,Yes,No,No,No,No,No,No,No,No,No,Video,Public advocacy organization,National,,,,Yes,Yes,Yes,No,No,30,Yes,No,No,No,Yes,No,No,No,Yes,No,No,No,No,No,No,No,No,No,No,No
TV009,2018,Yes,Yes,Yes,Yes,No,No,No,No,Yes,Yes,No,No,No,No,No,Yes,No,No,No,No,No,Yes,No,No,No,No,No,No,No,No,No,Video,Public advocacy organization,National,,,,Yes,Yes,Yes,No,No,30,Yes,No,No,No,Yes,No,No,No,Yes,No,No,No,No,No,No,No,No,No,No,No
TV010,2018,Yes,Yes,No,Yes,No,Yes,No,No,Yes,No,No,No,No,No,Yes,No,No,No,No,No,Yes,Yes,No,No,No,No,No,No,No,No,No,Video,Pharmaceutical corporation,National,,,,No,Yes,Yes,No,No,27,Yes,Yes,No,Yes,Yes,Yes,No,No,No,No,No,No,No,No,No,No,No,No,No,No
TV011,2016,Yes,Yes,Yes,Yes,No,No,No,No,No,No,No,No,No,No,No,No,No,No,No,Yes,No,No,No,No,No,No,No,No,No,No,No,Video,Local/state health department,Local or municipal,Los Angeles,California,West,No,Yes,Yes,No,No,18,No,Yes,No,Yes,Yes,Yes,Yes,No,No,No,No,No,No,No,No,No,No,No,No,No
TV012,2016,No,No,No,No,Yes,No,No,Yes,No,No,Yes,Yes,Yes,Yes,No,No,No,No,No,Yes,No,Yes,No,No,No,No,No,No,No,No,No,Video,Local/state health department,Local or municipal,Los Angeles,California,West,No,Yes,Yes,No,No,18,No,No,Yes,Yes,No,No,No,No,Yes,No,Yes,No,No,No,No,No,Yes,No,No,No
TV013,2019,No,Yes,Yes,No,No,No,Yes,Yes,Yes,Yes,Yes,No,No,No,Yes,Yes,No,No,No,No,No,Yes,No,No,No,No,No,No,No,No,No,Video,Local/state health department,Local or municipal,Baltimore,Maryland,South,No,Yes,Yes,No,No,7,Yes,No,Yes,Yes,No,No,No,No,Yes,No,No,No,No,No,No,No,No,No,No,No
TV014,2019,Yes,Yes,Yes,No,No,No,Yes,Yes,Yes,Yes,Yes,No,Yes,Yes,Yes,Yes,No,No,No,No,No,Yes,No,No,No,No,No,No,No,No,No,Video,Local/state health department,Local or municipal,Houston,Texas,South,Yes,Yes,Yes,No,No,33,Yes,No,No,No,Yes,No,No,Yes,Yes,No,No,No,No,No,No,No,No,No,No,No
TV015,2019,Yes,Yes,No,No,Yes,Yes,Yes,Yes,Yes,Yes,Yes,No,Yes,Yes,No,Yes,No,No,No,No,Yes,No,No,No,No,No,No,No,No,No,No,Video,Local/state health department,Local or municipal,Houston,Texas,South,Yes,Yes,Yes,No,No,33,Yes,No,No,No,Yes,No,No,Yes,Yes,No,No,No,No,No,No,No,No,No,No,No
TV016,2019,Yes,Yes,No,No,Yes,Yes,Yes,Yes,Yes,Yes,Yes,No,Yes,Yes,No,Yes,No,No,No,Yes,No,No,No,No,No,No,No,No,No,No,No,Video,Local/state health department,Local or municipal,Houston,Texas,South,Yes,Yes,Yes,No,No,33,Yes,No,No,No,Yes,No,No,Yes,Yes,No,No,No,No,No,No,No,No,No,No,No
TV017,2019,Yes,Yes,No,No,No,No,Yes,Yes,Yes,Yes,Yes,No,Yes,Yes,Yes,Yes,No,No,No,No,No,Yes,No,No,No,No,No,No,No,No,No,Video,Local/state health department,Local or municipal,Houston,Texas,South,Yes,Yes,Yes,No,No,33,Yes,No,No,No,Yes,No,No,Yes,Yes,No,No,No,No,No,No,No,No,No,No,No
TV018,2018,Yes,Yes,Yes,Yes,Yes,Yes,Yes,Yes,No,No,Yes,No,No,No,No,Yes,No,No,No,No,Yes,Yes,Yes,No,No,No,Yes,Yes,Yes,No,No,Video,Hospital/healthcare system,Local or municipal,Chicago,Illinois,Midwest,No,Yes,Yes,Yes,No,34,Yes,Yes,Yes,No,No,No,No,No,Yes,Yes,No,No,No,No,No,No,No,No,No,No
TV019,2019,Yes,Yes,Yes,Yes,No,No,Yes,Yes,Yes,Yes,Yes,Yes,No,No,Yes,Yes,No,No,No,No,No,Yes,No,No,No,No,No,No,No,No,No,Video,Hospital/healthcare system,Local or municipal,Milwaukee,Wisconsin,Midwest,Yes,Yes,Yes,No,No,58,Yes,No,No,No,No,No,No,No,Yes,Yes,No,Yes,Yes,No,No,No,No,No,No,No
TV020,2019,No,Yes,No,Yes,Yes,Yes,Yes,No,Yes,Yes,Yes,No,No,No,Yes,Yes,No,No,No,No,No,Yes,No,No,No,No,No,No,No,No,No,Video,Hospital/healthcare system,Local or municipal,Milwaukee,Wisconsin,Midwest,Yes,Yes,Yes,No,No,58,Yes,No,No,Yes,No,No,No,No,Yes,No,No,No,No,No,Yes,No,No,No,No,No
TV021,2019,Yes,Yes,No,No,No,No,No,No,No,No,Yes,No,No,No,Yes,Yes,No,No,Yes,No,Yes,No,No,No,No,No,No,No,No,No,No,Video,Hospital/healthcare system,Local or municipal,Washington,District of Columbia,South,No,Yes,No,Yes,Yes,23,Yes,No,No,No,No,No,No,No,No,Yes,No,No,No,No,No,No,No,No,No,No
TV022,2019,Yes,Yes,Yes,Yes,No,No,No,No,No,No,Yes,No,No,No,Yes,Yes,No,No,No,No,Yes,No,No,No,No,No,No,No,No,No,No,Video,Local/state health department,Local or municipal,Philadelphia,Pennsylvania,Northeast,No,Yes,Yes,No,No,47,Yes,Yes,No,No,No,No,No,No,No,Yes,No,No,No,No,No,No,No,No,No,No
TV023,2020,Yes,Yes,Yes,Yes,No,No,Yes,Yes,No,No,No,No,No,No,Yes,Yes,No,No,No,Yes,No,No,No,No,No,No,No,No,No,No,No,Video,Pharmaceutical corporation,National,,,,No,Yes,Yes,Yes,No,28,Yes,Yes,No,Yes,Yes,Yes,No,No,Yes,Yes,Yes,No,No,Yes,No,No,Yes,No,No,No
TV024,2018,Yes,Yes,Yes,Yes,No,No,No,No,No,No,Yes,Yes,No,No,Yes,Yes,No,No,No,No,Yes,Yes,No,No,No,No,No,No,No,No,No,Video,Pharmaceutical corporation,National,,,,No,Yes,Yes,No,No,29,Yes,Yes,No,Yes,Yes,No,No,No,Yes,No,No,No,No,Yes,No,No,No,No,No,No
TV025,2019,Yes,Yes,No,No,No,No,No,Yes,Yes,Yes,Yes,Yes,No,No,No,Yes,No,No,Yes,No,No,No,No,No,No,No,No,No,No,No,No,Video,Hospital/healthcare system,Local or municipal,New York City,New York,Northeast,Yes,Yes,No,No,No,39,Yes,No,No,No,No,No,No,No,No,No,No,No,No,Yes,No,No,No,No,No,Yes
TV026,2019,Yes,Yes,No,No,No,No,Yes,Yes,Yes,Yes,No,No,No,No,No,No,No,No,No,Yes,No,No,No,No,No,No,No,No,No,No,No,Video,Hospital/healthcare system,Local or municipal,New York City,New York,Northeast,Yes,Yes,Yes,No,No,39,Yes,No,No,No,No,No,No,No,No,No,No,Yes,No,No,No,No,No,No,No,No
TV027,2021,Yes,Yes,No,No,No,Yes,No,No,No,No,Yes,No,No,No,Yes,No,Yes,No,No,No,Yes,No,No,No,No,No,No,No,No,No,No,Video,Hospital/healthcare system,Local or municipal,Jackson,Mississippi,South,No,Yes,Yes,No,Yes,45,No,Yes,Yes,No,Yes,No,No,No,Yes,Yes,Yes,No,No,No,No,No,Yes,No,No,No
TV028,2018,Yes,Yes,No,Yes,Yes,Yes,No,No,Yes,Yes,Yes,Yes,No,No,No,No,No,Yes,No,No,No,No,No,No,No,No,No,No,No,No,No,Video,Local/state health department,State or territory,,Wisconsin,Midwest,No,No,Yes,No,No,60,Yes,No,No,No,No,No,No,Yes,Yes,Yes,No,No,Yes,No,No,No,No,No,No,No
TV029,2020,No,No,No,No,No,No,Yes,No,Yes,Yes,No,No,Yes,Yes,No,Yes,No,No,No,Yes,No,No,No,No,No,No,No,No,No,No,No,Video,Federal government agency,National,,,,Yes,Yes,Yes,No,No,13,Yes,No,No,No,Yes,No,No,No,Yes,No,No,No,No,No,No,No,No,No,No,No
TV030,2020,No,Yes,Yes,No,No,No,No,Yes,No,No,Yes,No,No,No,Yes,Yes,No,No,Yes,No,Yes,Yes,Yes,No,No,No,Yes,No,No,No,No,Video,Federal government agency,National,,,,No,Yes,Yes,No,No,14,Yes,Yes,Yes,Yes,Yes,Yes,No,Yes,Yes,Yes,No,No,No,No,No,No,No,No,No,No
TV031,2020,Yes,Yes,No,No,No,No,Yes,Yes,No,Yes,No,Yes,No,No,Yes,Yes,No,No,Yes,Yes,Yes,Yes,No,No,No,No,Yes,No,No,No,No,Video,Federal government agency,National,,,,No,Yes,Yes,No,No,14,Yes,Yes,No,No,No,No,No,No,Yes,Yes,No,No,No,No,No,No,No,No,No,No
TV032,2020,Yes,Yes,Yes,Yes,Yes,No,No,No,Yes,Yes,No,No,Yes,Yes,Yes,Yes,No,No,No,No,No,No,No,No,No,No,Yes,No,No,No,No,Video,Federal government agency,National,,,,Yes,No,Yes,No,No,14,Yes,No,No,No,No,No,No,No,Yes,No,No,No,No,No,No,No,No,No,No,No
TV033,2020,Yes,Yes,Yes,Yes,No,No,No,Yes,No,No,No,No,No,No,Yes,Yes,Yes,No,Yes,No,Yes,No,Yes,No,Yes,No,No,No,No,No,No,Video,Hospital/healthcare system,Local or municipal,New York City,New York,Northeast,No,Yes,No,No,No,49,Yes,Yes,Yes,No,No,No,No,No,Yes,No,No,No,No,No,No,No,No,No,No,No
TV034,2020,No,Yes,No,Yes,No,No,Yes,No,No,No,No,No,No,No,No,No,No,No,No,No,Yes,No,No,No,No,No,No,No,No,No,No,Video,Federal government agency,National,,,,No,Yes,No,Yes,No,12,Yes,Yes,No,No,No,No,No,No,Yes,No,No,No,No,No,No,No,No,No,No,No
TV035,2020,No,Yes,No,No,No,No,Yes,Yes,No,No,Yes,No,No,No,Yes,Yes,Yes,No,No,No,Yes,No,No,No,No,No,No,No,No,No,No,Video,Federal government agency,National,,,,Yes,Yes,No,Yes,No,12,Yes,No,No,No,No,No,No,No,Yes,Yes,No,No,No,No,No,No,No,No,No,No
TV036,2020,No,Yes,No,No,No,No,Yes,No,No,No,Yes,No,No,No,No,Yes,No,No,No,No,Yes,No,No,No,No,No,No,No,No,No,No,Video,Federal government agency,National,,,,Yes,Yes,No,Yes,No,12,Yes,No,No,No,No,No,No,No,Yes,No,No,No,No,No,No,No,No,No,No,No
TV037,2017,No,No,No,Yes,Yes,Yes,Yes,Yes,No,Yes,Yes,Yes,Yes,Yes,Yes,Yes,No,Yes,No,Yes,No,Yes,No,No,No,No,No,No,No,No,No,Video,Hospital/healthcare system,Local or municipal,Los Angeles,California,West,No,Yes,Yes,Yes,No,5,Yes,Yes,Yes,No,No,No,No,No,Yes,No,No,No,Yes,No,No,No,No,No,Yes,No
TV038,2020,No,No,No,No,Yes,Yes,No,No,No,No,Yes,No,Yes,No,No,Yes,No,No,Yes,No,No,No,No,No,No,No,No,No,No,No,No,Video,Federal government agency,National,,,,No,Yes,No,Yes,No,12,No,Yes,No,Yes,Yes,No,No,No,Yes,No,No,No,No,No,No,No,No,No,No,No
TV039,2020,Yes,Yes,No,No,No,No,No,No,No,No,Yes,No,No,No,No,No,No,Yes,No,No,No,Yes,No,No,No,No,No,No,No,No,No,Video,Federal government agency,National,,,,Yes,Yes,Yes,Yes,No,12,No,Yes,No,Yes,No,No,No,Yes,No,No,No,No,No,No,No,No,No,No,No,No
TV040,2020,Yes,Yes,No,No,No,No,No,No,No,No,Yes,No,No,No,No,No,No,No,Yes,No,No,No,No,No,No,No,No,No,No,No,No,Video,Federal government agency,National,,,,No,Yes,No,Yes,No,12,No,No,Yes,Yes,No,No,No,No,No,No,No,No,No,No,No,No,No,No,No,No
TV041,2020,Yes,Yes,Yes,Yes,No,No,No,Yes,No,Yes,No,No,No,No,Yes,Yes,No,No,No,No,No,Yes,No,No,No,No,No,No,No,No,No,Video,Federal government agency,National,,,,Yes,Yes,Yes,No,No,32,Yes,No,No,No,No,No,No,No,Yes,No,Yes,No,No,No,No,No,Yes,No,No,No
TV042,2015,Yes,Yes,No,No,No,Yes,No,Yes,Yes,No,No,No,No,No,No,Yes,Yes,No,Yes,Yes,Yes,No,No,No,No,No,No,No,No,No,No,Video,Hospital/healthcare system,National,,,,No,Yes,Yes,No,No,11,Yes,No,Yes,Yes,No,No,No,No,Yes,No,No,No,No,No,No,No,No,No,No,No
TV043,2019,Yes,Yes,Yes,Yes,No,No,Yes,Yes,No,Yes,Yes,No,No,No,Yes,Yes,Yes,No,Yes,No,Yes,No,No,No,No,No,No,No,No,No,No,Video,Hospital/healthcare system,Local or municipal,Rochester,New York,Northeast,Yes,Yes,No,No,No,57,Yes,No,No,Yes,No,No,No,No,Yes,No,No,No,No,No,No,No,No,No,No,No
TV044,2019,Yes,Yes,Yes,Yes,No,No,No,No,No,Yes,Yes,No,No,No,Yes,Yes,Yes,No,Yes,No,Yes,No,No,No,No,No,No,No,No,No,No,Video,Hospital/healthcare system,Local or municipal,Rochester,New York,Northeast,Yes,Yes,No,No,No,57,Yes,No,No,Yes,No,No,No,No,Yes,No,No,No,No,No,No,No,No,No,No,No
TV045,2019,Yes,Yes,No,Yes,No,No,No,No,No,Yes,Yes,No,No,No,No,Yes,Yes,No,Yes,No,Yes,No,No,No,No,No,No,No,No,No,No,Video,Hospital/healthcare system,Local or municipal,Rochester,New York,Northeast,Yes,Yes,No,No,No,57,Yes,No,No,No,No,No,No,No,Yes,No,No,Yes,No,No,No,No,No,No,No,No
TV046,2019,Yes,Yes,No,No,No,No,No,No,No,Yes,Yes,No,No,No,No,Yes,Yes,No,Yes,No,Yes,No,No,No,No,No,No,No,No,No,No,Video,Hospital/healthcare system,Local or municipal,Rochester,New York,Northeast,Yes,Yes,No,No,No,57,Yes,No,No,No,No,No,No,No,Yes,No,Yes,No,No,No,No,No,Yes,No,No,No
TV047,2017,Yes,Yes,Yes,Yes,No,Yes,Yes,No,No,No,Yes,Yes,No,No,Yes,Yes,No,No,No,No,Yes,No,No,No,No,No,No,No,No,No,No,Video,Public advocacy organization,State or territory,,California,West,Yes,Yes,No,No,No,24,Yes,No,No,Yes,Yes,Yes,No,No,Yes,Yes,Yes,No,Yes,Yes,No,Yes,Yes,No,No,No
TV048,2017,No,No,No,Yes,Yes,Yes,No,No,Yes,Yes,Yes,Yes,No,Yes,No,No,No,No,No,Yes,No,No,No,No,No,No,No,No,No,No,No,Video,Hospital/healthcare system,Local or municipal,Los Angeles,California,West,No,Yes,Yes,No,No,5,No,Yes,No,Yes,No,No,No,No,Yes,No,Yes,Yes,Yes,Yes,No,Yes,Yes,No,No,No
TV049,2017,No,Yes,Yes,Yes,Yes,No,No,Yes,No,Yes,Yes,Yes,No,No,Yes,Yes,No,No,No,No,No,Yes,No,No,No,No,No,No,No,No,No,Video,Hospital/healthcare system,Local or municipal,Los Angeles,California,West,No,Yes,Yes,Yes,No,5,No,Yes,No,No,No,No,No,No,Yes,Yes,No,No,No,No,No,No,No,No,No,No
TV050,2017,No,No,Yes,Yes,No,No,No,Yes,No,Yes,Yes,No,No,Yes,Yes,No,No,No,No,Yes,No,No,No,No,No,No,No,No,No,No,No,Video,Hospital/healthcare system,Local or municipal,Los Angeles,California,West,Yes,Yes,Yes,No,No,5,Yes,No,No,Yes,No,No,No,No,No,No,No,No,No,No,No,No,No,No,No,No
TV051,2017,No,Yes,No,Yes,No,No,Yes,Yes,No,Yes,Yes,Yes,No,No,No,No,No,No,No,No,No,Yes,No,No,No,No,No,No,No,No,No,Video,Hospital/healthcare system,Local or municipal,Los Angeles,California,West,No,Yes,Yes,Yes,No,5,Yes,No,No,No,No,No,No,No,Yes,No,No,No,Yes,No,No,No,No,No,Yes,No